-- phpMyAdmin SQL Dump
-- version 4.8.5
-- https://www.phpmyadmin.net/
--
-- Host: 127.0.0.1
-- Generation Time: Apr 26, 2020 at 12:57 PM
-- Server version: 10.1.38-MariaDB
-- PHP Version: 7.2.29

SET SQL_MODE = "NO_AUTO_VALUE_ON_ZERO";
SET AUTOCOMMIT = 0;
START TRANSACTION;
SET time_zone = "+00:00";


/*!40101 SET @OLD_CHARACTER_SET_CLIENT=@@CHARACTER_SET_CLIENT */;
/*!40101 SET @OLD_CHARACTER_SET_RESULTS=@@CHARACTER_SET_RESULTS */;
/*!40101 SET @OLD_COLLATION_CONNECTION=@@COLLATION_CONNECTION */;
/*!40101 SET NAMES utf8mb4 */;

--
-- Database: `laravel_test_task`
--

-- --------------------------------------------------------

--
-- Table structure for table `abilities`
--

CREATE TABLE `abilities` (
  `id` bigint(20) UNSIGNED NOT NULL,
  `name` varchar(255) COLLATE utf8mb4_unicode_ci NOT NULL,
  `title` varchar(255) COLLATE utf8mb4_unicode_ci DEFAULT NULL,
  `entity_id` bigint(20) UNSIGNED DEFAULT NULL,
  `entity_type` varchar(255) COLLATE utf8mb4_unicode_ci DEFAULT NULL,
  `only_owned` tinyint(1) NOT NULL DEFAULT '0',
  `options` text COLLATE utf8mb4_unicode_ci,
  `scope` int(11) DEFAULT NULL,
  `created_at` timestamp NULL DEFAULT NULL,
  `updated_at` timestamp NULL DEFAULT NULL
) ENGINE=InnoDB DEFAULT CHARSET=utf8mb4 COLLATE=utf8mb4_unicode_ci;

--
-- Dumping data for table `abilities`
--

INSERT INTO `abilities` (`id`, `name`, `title`, `entity_id`, `entity_type`, `only_owned`, `options`, `scope`, `created_at`, `updated_at`) VALUES
(1, '*', 'All abilities', NULL, '*', 0, NULL, NULL, '2020-04-26 05:09:34', '2020-04-26 05:09:34');

-- --------------------------------------------------------

--
-- Table structure for table `activity_log`
--

CREATE TABLE `activity_log` (
  `id` bigint(20) UNSIGNED NOT NULL,
  `log_name` varchar(255) COLLATE utf8mb4_unicode_ci DEFAULT NULL,
  `description` text COLLATE utf8mb4_unicode_ci NOT NULL,
  `subject_id` bigint(20) UNSIGNED DEFAULT NULL,
  `subject_type` varchar(255) COLLATE utf8mb4_unicode_ci DEFAULT NULL,
  `causer_id` bigint(20) UNSIGNED DEFAULT NULL,
  `causer_type` varchar(255) COLLATE utf8mb4_unicode_ci DEFAULT NULL,
  `properties` text COLLATE utf8mb4_unicode_ci,
  `created_at` timestamp NULL DEFAULT NULL,
  `updated_at` timestamp NULL DEFAULT NULL
) ENGINE=InnoDB DEFAULT CHARSET=utf8mb4 COLLATE=utf8mb4_unicode_ci;

--
-- Dumping data for table `activity_log`
--

INSERT INTO `activity_log` (`id`, `log_name`, `description`, `subject_id`, `subject_type`, `causer_id`, `causer_type`, `properties`, `created_at`, `updated_at`) VALUES
(1, 'default', '“XY(logged in Prof. Paolo Hagenes MD)processed the order: [50]”', NULL, NULL, NULL, NULL, '[]', '2020-04-26 04:43:08', '2020-04-26 04:43:08'),
(2, 'default', '“XY(logged in Prof. Paolo Hagenes MD)processed the order: [50]”', NULL, NULL, NULL, NULL, '[]', '2020-04-26 04:45:30', '2020-04-26 04:45:30'),
(3, 'default', '“XY(logged in Prof. Paolo Hagenes MD)processed the order: [50]”', NULL, NULL, NULL, NULL, '[]', '2020-04-26 04:45:52', '2020-04-26 04:45:52'),
(4, 'default', '“XY(logged in Prof. Paolo Hagenes MD)processed the order: [50]”', NULL, NULL, NULL, NULL, '[]', '2020-04-26 04:48:26', '2020-04-26 04:48:26'),
(5, 'default', '“XY(logged in Prof. Paolo Hagenes MD)processed the order: [50]”', NULL, NULL, NULL, NULL, '[]', '2020-04-26 05:07:43', '2020-04-26 05:07:43');

-- --------------------------------------------------------

--
-- Table structure for table `customers`
--

CREATE TABLE `customers` (
  `id` bigint(20) UNSIGNED NOT NULL,
  `name` varchar(255) COLLATE utf8mb4_unicode_ci NOT NULL,
  `email` varchar(255) COLLATE utf8mb4_unicode_ci NOT NULL,
  `created_at` timestamp NULL DEFAULT NULL,
  `updated_at` timestamp NULL DEFAULT NULL
) ENGINE=InnoDB DEFAULT CHARSET=utf8mb4 COLLATE=utf8mb4_unicode_ci;

--
-- Dumping data for table `customers`
--

INSERT INTO `customers` (`id`, `name`, `email`, `created_at`, `updated_at`) VALUES
(1, 'Zaria Dibbert', 'beer.alayna@example.com', '2020-04-25 09:39:16', '2020-04-25 09:39:16'),
(2, 'Malachi Schaden', 'darrin98@example.org', '2020-04-25 09:39:16', '2020-04-25 09:39:16'),
(3, 'Prof. Fannie Rowe V', 'weimann.everette@example.net', '2020-04-25 09:39:16', '2020-04-25 09:39:16'),
(4, 'Mckayla Bruen I', 'adell.baumbach@example.org', '2020-04-25 09:39:16', '2020-04-25 09:39:16'),
(5, 'Amiya Wyman', 'gdoyle@example.net', '2020-04-25 09:39:16', '2020-04-25 09:39:16'),
(6, 'Elias Fadel PhD', 'ansel02@example.com', '2020-04-25 09:39:16', '2020-04-25 09:39:16'),
(7, 'Ludwig Renner', 'tokon@example.org', '2020-04-25 09:39:16', '2020-04-25 09:39:16'),
(8, 'Julianne Fisher', 'zakary.blick@example.net', '2020-04-25 09:39:16', '2020-04-25 09:39:16'),
(9, 'Mercedes Olson V', 'pearline20@example.com', '2020-04-25 09:39:16', '2020-04-25 09:39:16'),
(10, 'Mr. Alfonso Rutherford I', 'doconnell@example.net', '2020-04-25 09:39:16', '2020-04-25 09:39:16'),
(11, 'Miss Shakira Purdy', 'fvolkman@example.net', '2020-04-25 09:39:16', '2020-04-25 09:39:16'),
(12, 'Waylon Connelly', 'yost.cali@example.org', '2020-04-25 09:39:16', '2020-04-25 09:39:16'),
(13, 'Colt O\'Kon', 'huel.garrison@example.org', '2020-04-25 09:39:16', '2020-04-25 09:39:16'),
(14, 'Isobel Bogisich I', 'jgrady@example.com', '2020-04-25 09:39:16', '2020-04-25 09:39:16'),
(15, 'Hildegard Kub', 'vfay@example.net', '2020-04-25 09:39:16', '2020-04-25 09:39:16'),
(16, 'Jayme Brakus', 'meagan24@example.org', '2020-04-25 09:39:16', '2020-04-25 09:39:16'),
(17, 'Cloyd Graham', 'june.bechtelar@example.org', '2020-04-25 09:39:16', '2020-04-25 09:39:16'),
(18, 'Miss Maximillia Beier I', 'uschaden@example.org', '2020-04-25 09:39:16', '2020-04-25 09:39:16'),
(19, 'Devyn Stark', 'doyle.aglae@example.org', '2020-04-25 09:39:16', '2020-04-25 09:39:16'),
(20, 'Beaulah Goodwin', 'henderson05@example.org', '2020-04-25 09:39:16', '2020-04-25 09:39:16'),
(21, 'Maya Christiansen', 'fupton@example.com', '2020-04-25 09:39:16', '2020-04-25 09:39:16'),
(22, 'Grayce Runte', 'concepcion.shanahan@example.net', '2020-04-25 09:39:16', '2020-04-25 09:39:16'),
(23, 'Josiane Bartoletti', 'narciso.labadie@example.org', '2020-04-25 09:39:16', '2020-04-25 09:39:16'),
(24, 'Lula Gaylord', 'sabina.reilly@example.org', '2020-04-25 09:39:16', '2020-04-25 09:39:16'),
(25, 'Melisa Powlowski', 'fbergnaum@example.org', '2020-04-25 09:39:16', '2020-04-25 09:39:16'),
(26, 'Prof. Lila Heaney DDS', 'vhill@example.org', '2020-04-25 09:39:16', '2020-04-25 09:39:16'),
(27, 'Haskell Daugherty', 'chadd56@example.net', '2020-04-25 09:39:16', '2020-04-25 09:39:16'),
(28, 'Geovanny Nikolaus I', 'porter.will@example.org', '2020-04-25 09:39:16', '2020-04-25 09:39:16'),
(29, 'Joany Ondricka', 'bwaelchi@example.com', '2020-04-25 09:39:16', '2020-04-25 09:39:16'),
(30, 'Crystal Zulauf IV', 'hammes.cecelia@example.net', '2020-04-25 09:39:16', '2020-04-25 09:39:16'),
(31, 'Donnie Simonis', 'kyleigh87@example.net', '2020-04-25 09:39:16', '2020-04-25 09:39:16'),
(32, 'Marcelina Maggio', 'abshire.christelle@example.org', '2020-04-25 09:39:16', '2020-04-25 09:39:16'),
(33, 'Pearline Bosco', 'llynch@example.com', '2020-04-25 09:39:16', '2020-04-25 09:39:16'),
(34, 'Jeanette Thompson', 'delbert92@example.net', '2020-04-25 09:39:16', '2020-04-25 09:39:16'),
(35, 'Dr. Deshawn Fisher', 'mckenzie97@example.com', '2020-04-25 09:39:16', '2020-04-25 09:39:16'),
(36, 'Curtis Koepp', 'glind@example.com', '2020-04-25 09:39:16', '2020-04-25 09:39:16'),
(37, 'Moriah Jones', 'kub.bernhard@example.net', '2020-04-25 09:39:16', '2020-04-25 09:39:16'),
(38, 'Clemens McCullough MD', 'elna.langosh@example.com', '2020-04-25 09:39:16', '2020-04-25 09:39:16'),
(39, 'Anderson Durgan', 'kertzmann.tre@example.org', '2020-04-25 09:39:16', '2020-04-25 09:39:16'),
(40, 'Shania Nader', 'maxime.armstrong@example.com', '2020-04-25 09:39:16', '2020-04-25 09:39:16'),
(41, 'Prof. Eden Kunde', 'adella.kiehn@example.com', '2020-04-25 09:39:16', '2020-04-25 09:39:16'),
(42, 'Sammy Kulas', 'edison.bode@example.com', '2020-04-25 09:39:16', '2020-04-25 09:39:16'),
(43, 'Mrs. Meta Lynch MD', 'tkautzer@example.net', '2020-04-25 09:39:16', '2020-04-25 09:39:16'),
(44, 'Dr. Candelario White MD', 'brionna.larkin@example.org', '2020-04-25 09:39:16', '2020-04-25 09:39:16'),
(45, 'Prof. Leonel Herman Sr.', 'willow60@example.org', '2020-04-25 09:39:16', '2020-04-25 09:39:16'),
(46, 'Vincenzo Toy', 'xbernier@example.com', '2020-04-25 09:39:16', '2020-04-25 09:39:16'),
(47, 'Nico Mills', 'burley.breitenberg@example.com', '2020-04-25 09:39:16', '2020-04-25 09:39:16'),
(48, 'Ms. Tianna Wilkinson', 'trever44@example.net', '2020-04-25 09:39:16', '2020-04-25 09:39:16'),
(49, 'Cristian Fritsch DDS', 'joe.harber@example.net', '2020-04-25 09:39:16', '2020-04-25 09:39:16'),
(50, 'Don Kozey', 'jesus47@example.net', '2020-04-25 09:39:16', '2020-04-25 09:39:16'),
(51, 'Miss Etha Greenholt', 'dubuque.kirstin@example.net', '2020-04-25 09:39:16', '2020-04-25 09:39:16'),
(52, 'Mrs. Cleta Jacobi', 'ocummerata@example.org', '2020-04-25 09:39:16', '2020-04-25 09:39:16'),
(53, 'Reagan Tromp', 'weissnat.casimir@example.net', '2020-04-25 09:39:16', '2020-04-25 09:39:16'),
(54, 'Ms. Fleta Gerhold', 'llueilwitz@example.com', '2020-04-25 09:39:16', '2020-04-25 09:39:16'),
(55, 'Matt Fadel PhD', 'hwintheiser@example.com', '2020-04-25 09:39:16', '2020-04-25 09:39:16'),
(56, 'Harrison Lebsack', 'miguel11@example.org', '2020-04-25 09:39:16', '2020-04-25 09:39:16'),
(57, 'Hattie Robel', 'mhalvorson@example.net', '2020-04-25 09:39:16', '2020-04-25 09:39:16'),
(58, 'Maya Ankunding', 'schaden.monte@example.org', '2020-04-25 09:39:16', '2020-04-25 09:39:16'),
(59, 'Janelle Hodkiewicz', 'crooks.julie@example.org', '2020-04-25 09:39:16', '2020-04-25 09:39:16'),
(60, 'Prof. Nasir Feest', 'schamberger.vella@example.org', '2020-04-25 09:39:16', '2020-04-25 09:39:16'),
(61, 'Prof. Vance Schulist', 'kstoltenberg@example.net', '2020-04-25 09:39:16', '2020-04-25 09:39:16'),
(62, 'Drew Boyer IV', 'johan.dickinson@example.net', '2020-04-25 09:39:16', '2020-04-25 09:39:16'),
(63, 'Jimmie Yundt IV', 'wkertzmann@example.com', '2020-04-25 09:39:16', '2020-04-25 09:39:16'),
(64, 'Prof. Gillian Cole', 'lavon.walsh@example.org', '2020-04-25 09:39:16', '2020-04-25 09:39:16'),
(65, 'Zoey Murphy', 'phermann@example.net', '2020-04-25 09:39:16', '2020-04-25 09:39:16'),
(66, 'Miss Lia Dicki DVM', 'tianna86@example.com', '2020-04-25 09:39:16', '2020-04-25 09:39:16'),
(67, 'Mrs. Kari McKenzie', 'wintheiser.walton@example.org', '2020-04-25 09:39:16', '2020-04-25 09:39:16'),
(68, 'Emil Ward', 'torp.madyson@example.org', '2020-04-25 09:39:16', '2020-04-25 09:39:16'),
(69, 'Ms. Brisa Howell', 'tremblay.pauline@example.net', '2020-04-25 09:39:16', '2020-04-25 09:39:16'),
(70, 'Johnson Dooley', 'mkoss@example.net', '2020-04-25 09:39:16', '2020-04-25 09:39:16'),
(71, 'Kenyatta Aufderhar Sr.', 'lavina.von@example.net', '2020-04-25 09:39:16', '2020-04-25 09:39:16'),
(72, 'Prof. Norbert Runolfsson', 'emma.kertzmann@example.org', '2020-04-25 09:39:16', '2020-04-25 09:39:16'),
(73, 'Terrance Armstrong', 'kiehn.ayla@example.net', '2020-04-25 09:39:16', '2020-04-25 09:39:16'),
(74, 'Penelope Marquardt II', 'brown.jeff@example.com', '2020-04-25 09:39:16', '2020-04-25 09:39:16'),
(75, 'Dr. Talia Lueilwitz', 'delilah78@example.net', '2020-04-25 09:39:16', '2020-04-25 09:39:16'),
(76, 'Dr. Elijah Miller MD', 'adrienne.streich@example.net', '2020-04-25 09:39:16', '2020-04-25 09:39:16'),
(77, 'Lester Hudson MD', 'syble51@example.net', '2020-04-25 09:39:16', '2020-04-25 09:39:16'),
(78, 'Benton Lemke', 'zoe49@example.net', '2020-04-25 09:39:16', '2020-04-25 09:39:16'),
(79, 'Cynthia Schumm Sr.', 'hoppe.jettie@example.com', '2020-04-25 09:39:16', '2020-04-25 09:39:16'),
(80, 'Leonie Kuhn', 'tavares93@example.org', '2020-04-25 09:39:16', '2020-04-25 09:39:16'),
(81, 'Miss Alvera Hessel', 'vnolan@example.org', '2020-04-25 09:39:16', '2020-04-25 09:39:16'),
(82, 'Dora Rutherford IV', 'freichert@example.net', '2020-04-25 09:39:16', '2020-04-25 09:39:16'),
(83, 'Colby Morissette', 'leta31@example.net', '2020-04-25 09:39:16', '2020-04-25 09:39:16'),
(84, 'Dr. Kasey Walsh', 'dmacejkovic@example.com', '2020-04-25 09:39:16', '2020-04-25 09:39:16'),
(85, 'Moses Graham IV', 'larkin.collin@example.org', '2020-04-25 09:39:16', '2020-04-25 09:39:16'),
(86, 'Remington DuBuque Jr.', 'hazle.roob@example.org', '2020-04-25 09:39:16', '2020-04-25 09:39:16'),
(87, 'Gaston Rohan', 'schuppe.larry@example.com', '2020-04-25 09:39:16', '2020-04-25 09:39:16'),
(88, 'Miss Pink Gleichner', 'vernice57@example.net', '2020-04-25 09:39:16', '2020-04-25 09:39:16'),
(89, 'Dr. Angus Von', 'jenkins.jayda@example.com', '2020-04-25 09:39:16', '2020-04-25 09:39:16'),
(90, 'Kali Becker', 'kraig.kemmer@example.org', '2020-04-25 09:39:16', '2020-04-25 09:39:16'),
(91, 'Andy Gottlieb', 'hgutmann@example.com', '2020-04-25 09:39:16', '2020-04-25 09:39:16'),
(92, 'Cleveland Watsica', 'edonnelly@example.org', '2020-04-25 09:39:16', '2020-04-25 09:39:16'),
(93, 'Melisa Barrows', 'pedro09@example.com', '2020-04-25 09:39:16', '2020-04-25 09:39:16'),
(94, 'Rosario Klein', 'ibrahim.kirlin@example.net', '2020-04-25 09:39:16', '2020-04-25 09:39:16'),
(95, 'Cecil Skiles MD', 'gregg66@example.org', '2020-04-25 09:39:16', '2020-04-25 09:39:16'),
(96, 'Sigurd Dickinson', 'wisozk.audrey@example.com', '2020-04-25 09:39:16', '2020-04-25 09:39:16'),
(97, 'Rocio Weber', 'elfrieda.toy@example.com', '2020-04-25 09:39:16', '2020-04-25 09:39:16'),
(98, 'Laurianne Morar', 'ucummerata@example.org', '2020-04-25 09:39:16', '2020-04-25 09:39:16'),
(99, 'Romaine Wolf', 'pfay@example.net', '2020-04-25 09:39:16', '2020-04-25 09:39:16'),
(100, 'Elisa Kunde', 'lkrajcik@example.com', '2020-04-25 09:39:16', '2020-04-25 09:39:16'),
(101, 'Ona Hickle DDS', 'lilly.powlowski@example.com', '2020-04-25 09:39:16', '2020-04-25 09:39:16'),
(102, 'Jason Wyman', 'nelson25@example.net', '2020-04-25 09:39:16', '2020-04-25 09:39:16'),
(103, 'Rubye Stoltenberg IV', 'gusikowski.jermain@example.net', '2020-04-25 09:39:16', '2020-04-25 09:39:16'),
(104, 'Kane Bechtelar Jr.', 'damon.deckow@example.net', '2020-04-25 09:39:16', '2020-04-25 09:39:16'),
(105, 'Mara Smith', 'ystrosin@example.net', '2020-04-25 09:39:16', '2020-04-25 09:39:16'),
(106, 'Prof. Justus Willms DVM', 'ikiehn@example.org', '2020-04-25 09:39:16', '2020-04-25 09:39:16'),
(107, 'Zita Kemmer', 'dgibson@example.com', '2020-04-25 09:39:16', '2020-04-25 09:39:16'),
(108, 'Mr. Alden Bogisich', 'elenora.koch@example.com', '2020-04-25 09:39:16', '2020-04-25 09:39:16'),
(109, 'Miss Adrienne McCullough', 'tristian.goyette@example.net', '2020-04-25 09:39:16', '2020-04-25 09:39:16'),
(110, 'Barrett Parisian', 'omitchell@example.com', '2020-04-25 09:39:16', '2020-04-25 09:39:16'),
(111, 'Samson Maggio', 'elenora82@example.com', '2020-04-25 09:39:16', '2020-04-25 09:39:16'),
(112, 'Zola Romaguera', 'bogan.rodolfo@example.net', '2020-04-25 09:39:16', '2020-04-25 09:39:16'),
(113, 'Keara Mann', 'bweber@example.com', '2020-04-25 09:39:16', '2020-04-25 09:39:16'),
(114, 'Gordon Will DVM', 'aschowalter@example.com', '2020-04-25 09:39:16', '2020-04-25 09:39:16'),
(115, 'Clifton Ortiz III', 'judd.kuhlman@example.org', '2020-04-25 09:39:16', '2020-04-25 09:39:16'),
(116, 'Prof. Abe Davis PhD', 'prudence.haag@example.net', '2020-04-25 09:39:16', '2020-04-25 09:39:16'),
(117, 'Amari Hermiston PhD', 'ludie.conroy@example.org', '2020-04-25 09:39:16', '2020-04-25 09:39:16'),
(118, 'Prof. Willis Hirthe I', 'ncrist@example.net', '2020-04-25 09:39:16', '2020-04-25 09:39:16'),
(119, 'Junior Baumbach', 'rudy00@example.net', '2020-04-25 09:39:16', '2020-04-25 09:39:16'),
(120, 'Rico Johnson Sr.', 'apollich@example.net', '2020-04-25 09:39:16', '2020-04-25 09:39:16'),
(121, 'Cathy Aufderhar', 'leola00@example.net', '2020-04-25 09:39:16', '2020-04-25 09:39:16'),
(122, 'Tatyana Kilback', 'gchristiansen@example.com', '2020-04-25 09:39:16', '2020-04-25 09:39:16'),
(123, 'Cynthia Waelchi', 'jast.zane@example.com', '2020-04-25 09:39:16', '2020-04-25 09:39:16'),
(124, 'Chyna Toy', 'hand.reece@example.net', '2020-04-25 09:39:16', '2020-04-25 09:39:16'),
(125, 'Zackary Langworth', 'mayra84@example.com', '2020-04-25 09:39:16', '2020-04-25 09:39:16'),
(126, 'Ivory Witting II', 'victoria31@example.net', '2020-04-25 09:39:16', '2020-04-25 09:39:16'),
(127, 'Mr. David Rau I', 'stanton.giles@example.net', '2020-04-25 09:39:16', '2020-04-25 09:39:16'),
(128, 'Nick Harvey', 'ideckow@example.com', '2020-04-25 09:39:16', '2020-04-25 09:39:16'),
(129, 'Hoyt Braun', 'stan.satterfield@example.com', '2020-04-25 09:39:16', '2020-04-25 09:39:16'),
(130, 'Jameson Cummerata', 'ukovacek@example.net', '2020-04-25 09:39:16', '2020-04-25 09:39:16'),
(131, 'Mr. Tracey VonRueden PhD', 'kbarrows@example.net', '2020-04-25 09:39:16', '2020-04-25 09:39:16'),
(132, 'Lilian Kuphal Jr.', 'bode.norris@example.com', '2020-04-25 09:39:16', '2020-04-25 09:39:16'),
(133, 'Trey Gislason', 'fanny.larson@example.net', '2020-04-25 09:39:16', '2020-04-25 09:39:16'),
(134, 'Prof. Rex Zemlak Sr.', 'jessy43@example.org', '2020-04-25 09:39:16', '2020-04-25 09:39:16'),
(135, 'Ms. Sandy Bashirian', 'dessie.crooks@example.org', '2020-04-25 09:39:16', '2020-04-25 09:39:16'),
(136, 'Layla Murray', 'xfeil@example.com', '2020-04-25 09:39:16', '2020-04-25 09:39:16'),
(137, 'Gwendolyn Mayer', 'winfield.gorczany@example.org', '2020-04-25 09:39:16', '2020-04-25 09:39:16'),
(138, 'Mr. Christian Hudson III', 'schmitt.gussie@example.org', '2020-04-25 09:39:16', '2020-04-25 09:39:16'),
(139, 'Mr. John Armstrong', 'howe.hans@example.net', '2020-04-25 09:39:16', '2020-04-25 09:39:16'),
(140, 'Dr. Robbie Koelpin', 'lstrosin@example.org', '2020-04-25 09:39:16', '2020-04-25 09:39:16'),
(141, 'Mariah Leuschke', 'ubailey@example.com', '2020-04-25 09:39:16', '2020-04-25 09:39:16'),
(142, 'Hayden Schmeler', 'senger.enola@example.com', '2020-04-25 09:39:16', '2020-04-25 09:39:16'),
(143, 'Louisa Streich', 'luettgen.sydnie@example.com', '2020-04-25 09:39:16', '2020-04-25 09:39:16'),
(144, 'Kristofer Gottlieb III', 'davin91@example.com', '2020-04-25 09:39:16', '2020-04-25 09:39:16'),
(145, 'Mr. August Terry', 'bosco.abbie@example.net', '2020-04-25 09:39:16', '2020-04-25 09:39:16'),
(146, 'Judy Littel', 'hdaugherty@example.org', '2020-04-25 09:39:16', '2020-04-25 09:39:16'),
(147, 'Prof. Paolo Hagenes MD', 'clarabelle25@example.com', '2020-04-25 09:39:16', '2020-04-25 09:39:16'),
(148, 'Louisa Leffler', 'izabella.bradtke@example.com', '2020-04-25 09:39:16', '2020-04-25 09:39:16'),
(149, 'Ariel Koch', 'cortney83@example.com', '2020-04-25 09:39:16', '2020-04-25 09:39:16'),
(150, 'Alva Stehr', 'chammes@example.org', '2020-04-25 09:39:16', '2020-04-25 09:39:16'),
(151, 'Dr. Jonathan Senger', 'kaleigh.hyatt@example.org', '2020-04-25 09:39:16', '2020-04-25 09:39:16'),
(152, 'Vivienne Ruecker', 'genoveva90@example.com', '2020-04-25 09:39:16', '2020-04-25 09:39:16'),
(153, 'Bridget Kertzmann', 'mossie.hudson@example.com', '2020-04-25 09:39:16', '2020-04-25 09:39:16'),
(154, 'Dawson Hickle V', 'frami.lucie@example.net', '2020-04-25 09:39:16', '2020-04-25 09:39:16'),
(155, 'Rudy Kuhic', 'jeanne.bednar@example.net', '2020-04-25 09:39:16', '2020-04-25 09:39:16'),
(156, 'Dr. Imani Lynch', 'merritt46@example.org', '2020-04-25 09:39:16', '2020-04-25 09:39:16'),
(157, 'Haylee Daugherty', 'hershel21@example.net', '2020-04-25 09:39:16', '2020-04-25 09:39:16'),
(158, 'Petra Bergnaum III', 'west.carleton@example.net', '2020-04-25 09:39:16', '2020-04-25 09:39:16'),
(159, 'Bettie Klocko', 'dasia30@example.net', '2020-04-25 09:39:16', '2020-04-25 09:39:16'),
(160, 'Michele Hamill', 'smitham.nola@example.org', '2020-04-25 09:39:16', '2020-04-25 09:39:16'),
(161, 'Dulce Toy', 'vbreitenberg@example.org', '2020-04-25 09:39:16', '2020-04-25 09:39:16'),
(162, 'Dr. Katheryn Cummerata', 'joana.rogahn@example.org', '2020-04-25 09:39:16', '2020-04-25 09:39:16'),
(163, 'Gage Hessel III', 'niko.raynor@example.org', '2020-04-25 09:39:16', '2020-04-25 09:39:16'),
(164, 'Idella Cormier', 'darrel.simonis@example.org', '2020-04-25 09:39:16', '2020-04-25 09:39:16'),
(165, 'Enid DuBuque DDS', 'skiles.clair@example.org', '2020-04-25 09:39:16', '2020-04-25 09:39:16'),
(166, 'Adrien Durgan', 'virgie16@example.org', '2020-04-25 09:39:16', '2020-04-25 09:39:16'),
(167, 'Laisha Labadie', 'tyrell16@example.com', '2020-04-25 09:39:16', '2020-04-25 09:39:16'),
(168, 'Chandler Haley', 'ibartell@example.com', '2020-04-25 09:39:16', '2020-04-25 09:39:16'),
(169, 'Maya Hegmann', 'schultz.ova@example.com', '2020-04-25 09:39:16', '2020-04-25 09:39:16'),
(170, 'Hoyt Feil IV', 'cierra25@example.com', '2020-04-25 09:39:16', '2020-04-25 09:39:16'),
(171, 'Dr. Elfrieda Lakin', 'oscar.hartmann@example.net', '2020-04-25 09:39:16', '2020-04-25 09:39:16'),
(172, 'Ms. Jewell Schinner', 'madelyn87@example.com', '2020-04-25 09:39:16', '2020-04-25 09:39:16'),
(173, 'Wilfredo Marks', 'frederic.herzog@example.net', '2020-04-25 09:39:16', '2020-04-25 09:39:16'),
(174, 'Prof. Kennedi Schinner', 'geffertz@example.net', '2020-04-25 09:39:16', '2020-04-25 09:39:16'),
(175, 'Gus Dare', 'lboehm@example.org', '2020-04-25 09:39:16', '2020-04-25 09:39:16'),
(176, 'Hettie Carroll III', 'oberbrunner.citlalli@example.org', '2020-04-25 09:39:16', '2020-04-25 09:39:16'),
(177, 'Mr. Consuelo Larson', 'oconner.leilani@example.org', '2020-04-25 09:39:16', '2020-04-25 09:39:16'),
(178, 'Mr. Jared Baumbach', 'thompson.beau@example.com', '2020-04-25 09:39:16', '2020-04-25 09:39:16'),
(179, 'Giovani Harber', 'ftowne@example.com', '2020-04-25 09:39:16', '2020-04-25 09:39:16'),
(180, 'Dr. Ena Casper Sr.', 'hagenes.kaia@example.net', '2020-04-25 09:39:16', '2020-04-25 09:39:16'),
(181, 'Damion Will', 'sarah77@example.com', '2020-04-25 09:39:16', '2020-04-25 09:39:16'),
(182, 'Madisyn Gerlach', 'obeahan@example.com', '2020-04-25 09:39:16', '2020-04-25 09:39:16'),
(183, 'Myrtle Ritchie', 'yquigley@example.com', '2020-04-25 09:39:16', '2020-04-25 09:39:16'),
(184, 'Herta Medhurst', 'jonathan.cummings@example.org', '2020-04-25 09:39:16', '2020-04-25 09:39:16'),
(185, 'Santos Waters', 'gwilkinson@example.net', '2020-04-25 09:39:16', '2020-04-25 09:39:16'),
(186, 'Daisy Kulas', 'vbotsford@example.com', '2020-04-25 09:39:16', '2020-04-25 09:39:16'),
(187, 'May Dicki', 'bradtke.arlie@example.net', '2020-04-25 09:39:16', '2020-04-25 09:39:16'),
(188, 'Ms. Sabryna Yost I', 'hartmann.bulah@example.net', '2020-04-25 09:39:16', '2020-04-25 09:39:16'),
(189, 'Newell Streich', 'kunde.fleta@example.com', '2020-04-25 09:39:16', '2020-04-25 09:39:16'),
(190, 'Minnie Rolfson', 'taya64@example.org', '2020-04-25 09:39:16', '2020-04-25 09:39:16'),
(191, 'Freeda Hessel', 'maude79@example.com', '2020-04-25 09:39:16', '2020-04-25 09:39:16'),
(192, 'Alysson DuBuque', 'zgibson@example.org', '2020-04-25 09:39:16', '2020-04-25 09:39:16'),
(193, 'Vicky Lang', 'fquitzon@example.org', '2020-04-25 09:39:16', '2020-04-25 09:39:16'),
(194, 'Twila DuBuque', 'germaine.roberts@example.org', '2020-04-25 09:39:16', '2020-04-25 09:39:16'),
(195, 'Aiden Stamm', 'lenna.kuhn@example.org', '2020-04-25 09:39:16', '2020-04-25 09:39:16'),
(196, 'Prof. Jermain Rowe', 'ustark@example.net', '2020-04-25 09:39:16', '2020-04-25 09:39:16'),
(197, 'Valentina Cassin I', 'arnoldo.rosenbaum@example.org', '2020-04-25 09:39:16', '2020-04-25 09:39:16'),
(198, 'Edmund Schowalter V', 'rschuster@example.com', '2020-04-25 09:39:16', '2020-04-25 09:39:16'),
(199, 'Ahmad Beatty', 'inolan@example.com', '2020-04-25 09:39:16', '2020-04-25 09:39:16'),
(200, 'Carey Dickinson', 'kiehn.teresa@example.com', '2020-04-25 09:39:16', '2020-04-25 09:39:16');

-- --------------------------------------------------------

--
-- Table structure for table `failed_jobs`
--

CREATE TABLE `failed_jobs` (
  `id` bigint(20) UNSIGNED NOT NULL,
  `connection` text COLLATE utf8mb4_unicode_ci NOT NULL,
  `queue` text COLLATE utf8mb4_unicode_ci NOT NULL,
  `payload` longtext COLLATE utf8mb4_unicode_ci NOT NULL,
  `exception` longtext COLLATE utf8mb4_unicode_ci NOT NULL,
  `failed_at` timestamp NOT NULL DEFAULT CURRENT_TIMESTAMP
) ENGINE=InnoDB DEFAULT CHARSET=utf8mb4 COLLATE=utf8mb4_unicode_ci;

-- --------------------------------------------------------

--
-- Table structure for table `migrations`
--

CREATE TABLE `migrations` (
  `id` int(10) UNSIGNED NOT NULL,
  `migration` varchar(255) COLLATE utf8mb4_unicode_ci NOT NULL,
  `batch` int(11) NOT NULL
) ENGINE=InnoDB DEFAULT CHARSET=utf8mb4 COLLATE=utf8mb4_unicode_ci;

--
-- Dumping data for table `migrations`
--

INSERT INTO `migrations` (`id`, `migration`, `batch`) VALUES
(1, '2019_08_19_000000_create_failed_jobs_table', 1),
(3, '2020_04_25_134433_create_orders_table', 1),
(4, '2020_04_25_135557_create_order_items_table', 1),
(5, '2020_04_25_134343_create_customers_table', 2),
(6, '2020_04_25_134414_create_products_table', 3);

-- --------------------------------------------------------

--
-- Table structure for table `orders`
--

CREATE TABLE `orders` (
  `id` bigint(20) UNSIGNED NOT NULL,
  `customer_id` int(12) NOT NULL,
  `invoice_number` varchar(255) COLLATE utf8mb4_unicode_ci NOT NULL,
  `total_amount` decimal(8,2) NOT NULL,
  `status` varchar(255) COLLATE utf8mb4_unicode_ci NOT NULL,
  `created_at` timestamp NULL DEFAULT NULL,
  `updated_at` timestamp NULL DEFAULT NULL
) ENGINE=InnoDB DEFAULT CHARSET=utf8mb4 COLLATE=utf8mb4_unicode_ci;

--
-- Dumping data for table `orders`
--

INSERT INTO `orders` (`id`, `customer_id`, `invoice_number`, `total_amount`, `status`, `created_at`, `updated_at`) VALUES
(1, 97, '27323', '22563.00', 'new', '2020-04-25 12:22:17', '2020-04-25 12:22:17'),
(2, 66, '11397', '17665.00', 'processed', '2020-04-25 12:22:17', '2020-04-25 12:22:17'),
(3, 106, '16200', '85491.00', 'new', '2020-04-25 12:22:17', '2020-04-25 12:22:17'),
(4, 169, '55378', '15042.00', 'processed', '2020-04-25 12:22:17', '2020-04-25 12:22:17'),
(5, 140, '65612', '29239.00', 'new', '2020-04-25 12:22:17', '2020-04-25 12:22:17'),
(6, 115, '82810', '26826.00', 'processed', '2020-04-25 12:22:17', '2020-04-25 12:22:17'),
(7, 150, '44922', '69008.00', 'new', '2020-04-25 12:22:17', '2020-04-25 12:22:17'),
(8, 174, '81387', '63378.00', 'new', '2020-04-25 12:22:17', '2020-04-25 12:22:17'),
(9, 184, '85457', '46773.00', 'new', '2020-04-25 12:22:17', '2020-04-25 12:22:17'),
(10, 7, '35260', '93808.00', 'new', '2020-04-25 12:22:17', '2020-04-25 12:22:17'),
(11, 42, '4873', '77594.00', 'new', '2020-04-25 12:22:17', '2020-04-25 12:22:17'),
(12, 26, '56906', '11267.00', 'processed', '2020-04-25 12:22:17', '2020-04-25 12:22:17'),
(13, 130, '62603', '23737.00', 'new', '2020-04-25 12:22:17', '2020-04-25 12:22:17'),
(14, 181, '96325', '91333.00', 'processed', '2020-04-25 12:22:17', '2020-04-25 12:22:17'),
(15, 148, '66799', '47572.00', 'processed', '2020-04-25 12:22:17', '2020-04-25 12:22:17'),
(16, 126, '41955', '35560.00', 'new', '2020-04-25 12:22:17', '2020-04-25 12:22:17'),
(17, 79, '69093', '9408.00', 'processed', '2020-04-25 12:22:17', '2020-04-25 12:22:17'),
(18, 115, '34106', '71037.00', 'new', '2020-04-25 12:22:17', '2020-04-25 12:22:17'),
(19, 8, '77931', '65394.00', 'processed', '2020-04-25 12:22:17', '2020-04-25 12:22:17'),
(20, 103, '53614', '82137.00', 'processed', '2020-04-25 12:22:17', '2020-04-25 12:22:17'),
(21, 189, '22001', '37783.00', 'processed', '2020-04-25 12:22:17', '2020-04-25 12:22:17'),
(22, 50, '18156', '90158.00', 'new', '2020-04-25 12:22:17', '2020-04-25 12:22:17'),
(23, 108, '14187', '39178.00', 'new', '2020-04-25 12:22:17', '2020-04-25 12:22:17'),
(24, 95, '93510', '7361.00', 'new', '2020-04-25 12:22:17', '2020-04-25 12:22:17'),
(25, 59, '12546', '31559.00', 'processed', '2020-04-25 12:22:17', '2020-04-25 12:22:17'),
(26, 4, '77710', '37808.00', 'processed', '2020-04-25 12:22:17', '2020-04-25 12:22:17'),
(27, 85, '8027', '3213.00', 'new', '2020-04-25 12:22:17', '2020-04-25 12:22:17'),
(28, 51, '76973', '89310.00', 'new', '2020-04-25 12:22:17', '2020-04-25 12:22:17'),
(29, 19, '68733', '26795.00', 'new', '2020-04-25 12:22:17', '2020-04-25 12:22:17'),
(30, 96, '55723', '90016.00', 'processed', '2020-04-25 12:22:17', '2020-04-25 12:22:17'),
(31, 100, '44841', '16310.00', 'processed', '2020-04-25 12:22:17', '2020-04-25 12:22:17'),
(32, 25, '93966', '97156.00', 'processed', '2020-04-25 12:22:17', '2020-04-25 12:22:17'),
(33, 142, '7195', '95217.00', 'processed', '2020-04-25 12:22:17', '2020-04-25 12:22:17'),
(34, 187, '35262', '32628.00', 'new', '2020-04-25 12:22:17', '2020-04-25 12:22:17'),
(35, 164, '17904', '96210.00', 'new', '2020-04-25 12:22:17', '2020-04-25 12:22:17'),
(36, 153, '80793', '30999.00', 'processed', '2020-04-25 12:22:17', '2020-04-25 12:22:17'),
(37, 156, '30101', '300.00', 'new', '2020-04-25 12:22:17', '2020-04-25 12:22:17'),
(38, 90, '3430', '92550.00', 'new', '2020-04-25 12:22:17', '2020-04-25 12:22:17'),
(39, 70, '45596', '70215.00', 'processed', '2020-04-25 12:22:17', '2020-04-25 12:22:17'),
(40, 13, '60591', '40590.00', 'new', '2020-04-25 12:22:17', '2020-04-25 12:22:17'),
(41, 29, '58813', '24209.00', 'processed', '2020-04-25 12:22:17', '2020-04-25 12:22:17'),
(42, 134, '62783', '24438.00', 'new', '2020-04-25 12:22:17', '2020-04-25 12:22:17'),
(43, 197, '62586', '68140.00', 'new', '2020-04-25 12:22:17', '2020-04-25 12:22:17'),
(44, 57, '11806', '1796.00', 'processed', '2020-04-25 12:22:17', '2020-04-25 12:22:17'),
(45, 70, '77992', '90278.00', 'processed', '2020-04-25 12:22:17', '2020-04-25 12:22:17'),
(46, 186, '11899', '74331.00', 'processed', '2020-04-25 12:22:17', '2020-04-25 12:22:17'),
(47, 190, '82290', '83002.00', 'processed', '2020-04-25 12:22:17', '2020-04-25 12:22:17'),
(48, 181, '75879', '89332.00', 'processed', '2020-04-25 12:22:17', '2020-04-25 12:22:17'),
(49, 93, '2662', '65568.00', 'new', '2020-04-25 12:22:17', '2020-04-25 12:22:17'),
(50, 147, '87705', '3397.00', 'new', '2020-04-25 12:22:17', '2020-04-25 12:22:17');

-- --------------------------------------------------------

--
-- Table structure for table `order_items`
--

CREATE TABLE `order_items` (
  `id` bigint(20) UNSIGNED NOT NULL,
  `order_id` int(11) NOT NULL,
  `product_id` int(11) NOT NULL,
  `quantity` int(11) NOT NULL,
  `created_at` timestamp NULL DEFAULT NULL,
  `updated_at` timestamp NULL DEFAULT NULL
) ENGINE=InnoDB DEFAULT CHARSET=utf8mb4 COLLATE=utf8mb4_unicode_ci;

--
-- Dumping data for table `order_items`
--

INSERT INTO `order_items` (`id`, `order_id`, `product_id`, `quantity`, `created_at`, `updated_at`) VALUES
(1, 3, 17, 2, '2020-04-26 04:14:36', '2020-04-26 04:14:36'),
(2, 25, 33, 4, '2020-04-26 04:14:36', '2020-04-26 04:14:36'),
(3, 19, 93, 5, '2020-04-26 04:14:36', '2020-04-26 04:14:36'),
(4, 50, 13, 1, '2020-04-26 04:14:36', '2020-04-26 04:14:36'),
(5, 27, 22, 1, '2020-04-26 04:14:36', '2020-04-26 04:14:36'),
(6, 4, 15, 2, '2020-04-26 04:14:36', '2020-04-26 04:14:36'),
(7, 4, 19, 1, '2020-04-26 04:14:36', '2020-04-26 04:14:36'),
(8, 38, 3, 2, '2020-04-26 04:14:36', '2020-04-26 04:14:36'),
(9, 18, 92, 1, '2020-04-26 04:14:36', '2020-04-26 04:14:36'),
(10, 28, 37, 5, '2020-04-26 04:14:36', '2020-04-26 04:14:36'),
(11, 48, 96, 3, '2020-04-26 04:14:36', '2020-04-26 04:14:36'),
(12, 8, 15, 2, '2020-04-26 04:14:36', '2020-04-26 04:14:36'),
(13, 31, 22, 1, '2020-04-26 04:14:36', '2020-04-26 04:14:36'),
(14, 20, 29, 3, '2020-04-26 04:14:36', '2020-04-26 04:14:36'),
(15, 36, 96, 1, '2020-04-26 04:14:36', '2020-04-26 04:14:36'),
(16, 16, 22, 5, '2020-04-26 04:14:36', '2020-04-26 04:14:36'),
(17, 21, 45, 5, '2020-04-26 04:14:36', '2020-04-26 04:14:36'),
(18, 45, 4, 3, '2020-04-26 04:14:36', '2020-04-26 04:14:36'),
(19, 15, 82, 2, '2020-04-26 04:14:36', '2020-04-26 04:14:36'),
(20, 18, 100, 1, '2020-04-26 04:14:36', '2020-04-26 04:14:36'),
(21, 26, 93, 4, '2020-04-26 04:14:36', '2020-04-26 04:14:36'),
(22, 33, 7, 3, '2020-04-26 04:14:36', '2020-04-26 04:14:36'),
(23, 17, 40, 5, '2020-04-26 04:14:36', '2020-04-26 04:14:36'),
(24, 46, 87, 3, '2020-04-26 04:14:36', '2020-04-26 04:14:36'),
(25, 14, 51, 1, '2020-04-26 04:14:36', '2020-04-26 04:14:36'),
(26, 20, 41, 5, '2020-04-26 04:14:36', '2020-04-26 04:14:36'),
(27, 40, 2, 3, '2020-04-26 04:14:36', '2020-04-26 04:14:36'),
(28, 10, 4, 5, '2020-04-26 04:14:36', '2020-04-26 04:14:36'),
(29, 38, 92, 3, '2020-04-26 04:14:36', '2020-04-26 04:14:36'),
(30, 8, 96, 5, '2020-04-26 04:14:36', '2020-04-26 04:14:36'),
(31, 18, 100, 1, '2020-04-26 04:14:36', '2020-04-26 04:14:36'),
(32, 7, 14, 1, '2020-04-26 04:14:36', '2020-04-26 04:14:36'),
(33, 26, 23, 3, '2020-04-26 04:14:36', '2020-04-26 04:14:36'),
(34, 10, 99, 2, '2020-04-26 04:14:36', '2020-04-26 04:14:36'),
(35, 25, 58, 4, '2020-04-26 04:14:36', '2020-04-26 04:14:36'),
(36, 42, 44, 3, '2020-04-26 04:14:36', '2020-04-26 04:14:36'),
(37, 41, 20, 3, '2020-04-26 04:14:36', '2020-04-26 04:14:36'),
(38, 48, 59, 3, '2020-04-26 04:14:36', '2020-04-26 04:14:36'),
(39, 29, 19, 4, '2020-04-26 04:14:36', '2020-04-26 04:14:36'),
(40, 9, 98, 5, '2020-04-26 04:14:36', '2020-04-26 04:14:36'),
(41, 40, 52, 5, '2020-04-26 04:14:36', '2020-04-26 04:14:36'),
(42, 21, 40, 2, '2020-04-26 04:14:36', '2020-04-26 04:14:36'),
(43, 5, 45, 4, '2020-04-26 04:14:36', '2020-04-26 04:14:36'),
(44, 33, 40, 4, '2020-04-26 04:14:36', '2020-04-26 04:14:36'),
(45, 41, 34, 1, '2020-04-26 04:14:36', '2020-04-26 04:14:36'),
(46, 10, 50, 4, '2020-04-26 04:14:36', '2020-04-26 04:14:36'),
(47, 49, 86, 3, '2020-04-26 04:14:36', '2020-04-26 04:14:36'),
(48, 12, 51, 2, '2020-04-26 04:14:36', '2020-04-26 04:14:36'),
(49, 33, 56, 3, '2020-04-26 04:14:36', '2020-04-26 04:14:36'),
(50, 15, 59, 3, '2020-04-26 04:14:36', '2020-04-26 04:14:36'),
(51, 34, 14, 2, '2020-04-26 04:14:36', '2020-04-26 04:14:36'),
(52, 29, 81, 4, '2020-04-26 04:14:36', '2020-04-26 04:14:36'),
(53, 49, 71, 2, '2020-04-26 04:14:36', '2020-04-26 04:14:36'),
(54, 38, 23, 5, '2020-04-26 04:14:36', '2020-04-26 04:14:36'),
(55, 29, 44, 2, '2020-04-26 04:14:36', '2020-04-26 04:14:36'),
(56, 35, 68, 4, '2020-04-26 04:14:36', '2020-04-26 04:14:36'),
(57, 10, 60, 4, '2020-04-26 04:14:36', '2020-04-26 04:14:36'),
(58, 33, 26, 3, '2020-04-26 04:14:36', '2020-04-26 04:14:36'),
(59, 12, 60, 2, '2020-04-26 04:14:36', '2020-04-26 04:14:36'),
(60, 20, 8, 2, '2020-04-26 04:14:36', '2020-04-26 04:14:36'),
(61, 36, 16, 3, '2020-04-26 04:14:36', '2020-04-26 04:14:36'),
(62, 49, 39, 5, '2020-04-26 04:14:36', '2020-04-26 04:14:36'),
(63, 6, 1, 2, '2020-04-26 04:14:36', '2020-04-26 04:14:36'),
(64, 6, 8, 4, '2020-04-26 04:14:36', '2020-04-26 04:14:36'),
(65, 32, 70, 3, '2020-04-26 04:14:36', '2020-04-26 04:14:36'),
(66, 23, 33, 1, '2020-04-26 04:14:36', '2020-04-26 04:14:36'),
(67, 6, 71, 2, '2020-04-26 04:14:36', '2020-04-26 04:14:36'),
(68, 15, 89, 4, '2020-04-26 04:14:36', '2020-04-26 04:14:36'),
(69, 17, 37, 3, '2020-04-26 04:14:36', '2020-04-26 04:14:36'),
(70, 46, 40, 2, '2020-04-26 04:14:36', '2020-04-26 04:14:36'),
(71, 2, 14, 1, '2020-04-26 04:14:36', '2020-04-26 04:14:36'),
(72, 35, 48, 4, '2020-04-26 04:14:36', '2020-04-26 04:14:36'),
(73, 32, 54, 4, '2020-04-26 04:14:36', '2020-04-26 04:14:36'),
(74, 35, 99, 4, '2020-04-26 04:14:36', '2020-04-26 04:14:36'),
(75, 43, 17, 4, '2020-04-26 04:14:36', '2020-04-26 04:14:36'),
(76, 7, 95, 4, '2020-04-26 04:14:36', '2020-04-26 04:14:36'),
(77, 13, 78, 5, '2020-04-26 04:14:36', '2020-04-26 04:14:36'),
(78, 18, 44, 1, '2020-04-26 04:14:36', '2020-04-26 04:14:36'),
(79, 40, 56, 4, '2020-04-26 04:14:36', '2020-04-26 04:14:36'),
(80, 38, 18, 5, '2020-04-26 04:14:36', '2020-04-26 04:14:36'),
(81, 29, 58, 4, '2020-04-26 04:14:36', '2020-04-26 04:14:36'),
(82, 23, 66, 3, '2020-04-26 04:14:36', '2020-04-26 04:14:36'),
(83, 46, 3, 5, '2020-04-26 04:14:36', '2020-04-26 04:14:36'),
(84, 3, 94, 1, '2020-04-26 04:14:36', '2020-04-26 04:14:36'),
(85, 19, 17, 4, '2020-04-26 04:14:36', '2020-04-26 04:14:36'),
(86, 48, 64, 5, '2020-04-26 04:14:36', '2020-04-26 04:14:36'),
(87, 19, 100, 4, '2020-04-26 04:14:36', '2020-04-26 04:14:36'),
(88, 43, 10, 2, '2020-04-26 04:14:36', '2020-04-26 04:14:36'),
(89, 16, 93, 2, '2020-04-26 04:14:36', '2020-04-26 04:14:36'),
(90, 46, 29, 2, '2020-04-26 04:14:36', '2020-04-26 04:14:36'),
(91, 19, 35, 5, '2020-04-26 04:14:36', '2020-04-26 04:14:36'),
(92, 46, 62, 4, '2020-04-26 04:14:36', '2020-04-26 04:14:36'),
(93, 20, 49, 2, '2020-04-26 04:14:36', '2020-04-26 04:14:36'),
(94, 12, 14, 3, '2020-04-26 04:14:36', '2020-04-26 04:14:36'),
(95, 10, 72, 3, '2020-04-26 04:14:36', '2020-04-26 04:14:36'),
(96, 33, 35, 2, '2020-04-26 04:14:36', '2020-04-26 04:14:36'),
(97, 26, 5, 1, '2020-04-26 04:14:36', '2020-04-26 04:14:36'),
(98, 45, 91, 1, '2020-04-26 04:14:36', '2020-04-26 04:14:36'),
(99, 13, 44, 1, '2020-04-26 04:14:36', '2020-04-26 04:14:36'),
(100, 48, 40, 5, '2020-04-26 04:14:36', '2020-04-26 04:14:36'),
(101, 13, 53, 1, '2020-04-26 04:14:36', '2020-04-26 04:14:36'),
(102, 42, 52, 2, '2020-04-26 04:14:36', '2020-04-26 04:14:36'),
(103, 9, 33, 5, '2020-04-26 04:14:36', '2020-04-26 04:14:36'),
(104, 44, 32, 1, '2020-04-26 04:14:36', '2020-04-26 04:14:36'),
(105, 36, 32, 5, '2020-04-26 04:14:36', '2020-04-26 04:14:36'),
(106, 2, 79, 2, '2020-04-26 04:14:36', '2020-04-26 04:14:36'),
(107, 13, 45, 4, '2020-04-26 04:14:36', '2020-04-26 04:14:36'),
(108, 32, 50, 1, '2020-04-26 04:14:36', '2020-04-26 04:14:36'),
(109, 26, 62, 5, '2020-04-26 04:14:36', '2020-04-26 04:14:36'),
(110, 17, 23, 4, '2020-04-26 04:14:36', '2020-04-26 04:14:36'),
(111, 22, 20, 2, '2020-04-26 04:14:36', '2020-04-26 04:14:36'),
(112, 13, 50, 1, '2020-04-26 04:14:36', '2020-04-26 04:14:36'),
(113, 38, 76, 1, '2020-04-26 04:14:36', '2020-04-26 04:14:36'),
(114, 14, 27, 1, '2020-04-26 04:14:36', '2020-04-26 04:14:36'),
(115, 22, 39, 3, '2020-04-26 04:14:36', '2020-04-26 04:14:36'),
(116, 49, 9, 4, '2020-04-26 04:14:36', '2020-04-26 04:14:36'),
(117, 18, 93, 5, '2020-04-26 04:14:36', '2020-04-26 04:14:36'),
(118, 12, 57, 5, '2020-04-26 04:14:36', '2020-04-26 04:14:36'),
(119, 15, 95, 4, '2020-04-26 04:14:36', '2020-04-26 04:14:36'),
(120, 2, 35, 5, '2020-04-26 04:14:36', '2020-04-26 04:14:36'),
(121, 50, 50, 1, '2020-04-26 04:14:36', '2020-04-26 04:14:36'),
(122, 26, 65, 1, '2020-04-26 04:14:36', '2020-04-26 04:14:36'),
(123, 8, 14, 3, '2020-04-26 04:14:36', '2020-04-26 04:14:36'),
(124, 18, 41, 1, '2020-04-26 04:14:36', '2020-04-26 04:14:36'),
(125, 6, 46, 4, '2020-04-26 04:14:36', '2020-04-26 04:14:36'),
(126, 6, 38, 2, '2020-04-26 04:14:36', '2020-04-26 04:14:36'),
(127, 36, 10, 1, '2020-04-26 04:14:36', '2020-04-26 04:14:36'),
(128, 17, 91, 1, '2020-04-26 04:14:36', '2020-04-26 04:14:36'),
(129, 41, 29, 2, '2020-04-26 04:14:36', '2020-04-26 04:14:36'),
(130, 36, 9, 2, '2020-04-26 04:14:36', '2020-04-26 04:14:36'),
(131, 16, 49, 1, '2020-04-26 04:14:36', '2020-04-26 04:14:36'),
(132, 23, 22, 2, '2020-04-26 04:14:36', '2020-04-26 04:14:36'),
(133, 29, 23, 4, '2020-04-26 04:14:36', '2020-04-26 04:14:36'),
(134, 50, 11, 4, '2020-04-26 04:14:36', '2020-04-26 04:14:36'),
(135, 31, 49, 1, '2020-04-26 04:14:36', '2020-04-26 04:14:36'),
(136, 6, 91, 4, '2020-04-26 04:14:36', '2020-04-26 04:14:36'),
(137, 35, 97, 4, '2020-04-26 04:14:36', '2020-04-26 04:14:36'),
(138, 48, 47, 3, '2020-04-26 04:14:36', '2020-04-26 04:14:36'),
(139, 46, 60, 1, '2020-04-26 04:14:36', '2020-04-26 04:14:36'),
(140, 38, 54, 5, '2020-04-26 04:14:36', '2020-04-26 04:14:36'),
(141, 37, 6, 5, '2020-04-26 04:14:36', '2020-04-26 04:14:36'),
(142, 12, 3, 3, '2020-04-26 04:14:36', '2020-04-26 04:14:36'),
(143, 48, 96, 2, '2020-04-26 04:14:36', '2020-04-26 04:14:36'),
(144, 22, 2, 3, '2020-04-26 04:14:36', '2020-04-26 04:14:36'),
(145, 27, 30, 5, '2020-04-26 04:14:36', '2020-04-26 04:14:36'),
(146, 16, 90, 1, '2020-04-26 04:14:36', '2020-04-26 04:14:36'),
(147, 20, 6, 5, '2020-04-26 04:14:36', '2020-04-26 04:14:36'),
(148, 2, 27, 3, '2020-04-26 04:14:36', '2020-04-26 04:14:36'),
(149, 33, 16, 2, '2020-04-26 04:14:36', '2020-04-26 04:14:36'),
(150, 42, 31, 2, '2020-04-26 04:14:36', '2020-04-26 04:14:36');

-- --------------------------------------------------------

--
-- Table structure for table `products`
--

CREATE TABLE `products` (
  `id` bigint(20) UNSIGNED NOT NULL,
  `name` varchar(255) COLLATE utf8mb4_unicode_ci NOT NULL,
  `price` decimal(8,2) NOT NULL,
  `in_stock` tinyint(1) NOT NULL,
  `created_at` timestamp NULL DEFAULT NULL,
  `updated_at` timestamp NULL DEFAULT NULL
) ENGINE=InnoDB DEFAULT CHARSET=utf8mb4 COLLATE=utf8mb4_unicode_ci;

--
-- Dumping data for table `products`
--

INSERT INTO `products` (`id`, `name`, `price`, `in_stock`, `created_at`, `updated_at`) VALUES
(1, 'hws5oXAZy2', '8147.00', 0, '2020-04-25 12:43:18', '2020-04-25 12:43:18'),
(2, '4dORBEN8bW', '9287.00', 0, '2020-04-25 12:43:18', '2020-04-25 12:43:18'),
(3, '7B04GxdxH4', '1576.00', 0, '2020-04-25 12:43:18', '2020-04-25 12:43:18'),
(4, 'rMLl98Q54e', '3039.00', 1, '2020-04-25 12:43:18', '2020-04-25 12:43:18'),
(5, 'ed6y6u24v3', '5732.00', 1, '2020-04-25 12:43:18', '2020-04-25 12:43:18'),
(6, 'WFQ8QZYdD4', '783.00', 0, '2020-04-25 12:43:18', '2020-04-25 12:43:18'),
(7, 'pel6B8O1iw', '1186.00', 1, '2020-04-25 12:43:18', '2020-04-25 12:43:18'),
(8, '5jU6QBVUnl', '5133.00', 1, '2020-04-25 12:43:18', '2020-04-25 12:43:18'),
(9, 'ivqO9g2fAm', '1276.00', 1, '2020-04-25 12:43:18', '2020-04-25 12:43:18'),
(10, 'JYDTqCb7fw', '2774.00', 0, '2020-04-25 12:43:18', '2020-04-25 12:43:18'),
(11, 'RSfScPNix8', '2994.00', 0, '2020-04-25 12:43:18', '2020-04-25 12:43:18'),
(12, 'F9SdXF36Hv', '8890.00', 1, '2020-04-25 12:43:18', '2020-04-25 12:43:18'),
(13, 'gmMXYafAg1', '9856.00', 0, '2020-04-25 12:43:18', '2020-04-25 12:43:18'),
(14, 'JkwbcARj4n', '2373.00', 1, '2020-04-25 12:43:18', '2020-04-25 12:43:18'),
(15, 'ueyHsgAJu2', '950.00', 0, '2020-04-25 12:43:18', '2020-04-25 12:43:18'),
(16, 'mRkizQAR4G', '279.00', 1, '2020-04-25 12:43:18', '2020-04-25 12:43:18'),
(17, '8ZSPTQXXSb', '1284.00', 0, '2020-04-25 12:43:18', '2020-04-25 12:43:18'),
(18, 'gfElY5nMRh', '7858.00', 1, '2020-04-25 12:43:18', '2020-04-25 12:43:18'),
(19, 'ehnpruQDEA', '6326.00', 0, '2020-04-25 12:43:18', '2020-04-25 12:43:18'),
(20, 'LlAUVR8MfS', '434.00', 0, '2020-04-25 12:43:18', '2020-04-25 12:43:18'),
(21, 'izCduvPjlV', '7064.00', 0, '2020-04-25 12:43:18', '2020-04-25 12:43:18'),
(22, 'lxNO7KrSRy', '1732.00', 1, '2020-04-25 12:43:18', '2020-04-25 12:43:18'),
(23, 'MKkwlJcSqH', '4188.00', 0, '2020-04-25 12:43:18', '2020-04-25 12:43:18'),
(24, '2fpkEMVmep', '390.00', 0, '2020-04-25 12:43:18', '2020-04-25 12:43:18'),
(25, 'cwrfwVMn7U', '9306.00', 0, '2020-04-25 12:43:18', '2020-04-25 12:43:18'),
(26, 'sm4RvY6KgJ', '456.00', 1, '2020-04-25 12:43:18', '2020-04-25 12:43:18'),
(27, 'D6pNXMhvja', '5055.00', 1, '2020-04-25 12:43:18', '2020-04-25 12:43:18'),
(28, '7SMFijFsE6', '5716.00', 0, '2020-04-25 12:43:18', '2020-04-25 12:43:18'),
(29, 'b4eBvtKAUB', '481.00', 0, '2020-04-25 12:43:18', '2020-04-25 12:43:18'),
(30, '7QRbybidE8', '9294.00', 0, '2020-04-25 12:43:18', '2020-04-25 12:43:18'),
(31, 'yx3MfySaEC', '5837.00', 1, '2020-04-25 12:43:18', '2020-04-25 12:43:18'),
(32, 'yZzlnKp3V1', '8764.00', 0, '2020-04-25 12:43:18', '2020-04-25 12:43:18'),
(33, 'RebG1D243h', '5048.00', 1, '2020-04-25 12:43:18', '2020-04-25 12:43:18'),
(34, 'sd2nJzqGXq', '8929.00', 1, '2020-04-25 12:43:18', '2020-04-25 12:43:18'),
(35, 'gBxkCb50QS', '9185.00', 1, '2020-04-25 12:43:18', '2020-04-25 12:43:18'),
(36, 'PROyrvhg43', '3019.00', 0, '2020-04-25 12:43:18', '2020-04-25 12:43:18'),
(37, 'NXFraRa3He', '8770.00', 1, '2020-04-25 12:43:18', '2020-04-25 12:43:18'),
(38, 'ZjDI4TxzQu', '5194.00', 0, '2020-04-25 12:43:18', '2020-04-25 12:43:18'),
(39, '86DngjbhRQ', '4537.00', 0, '2020-04-25 12:43:18', '2020-04-25 12:43:18'),
(40, 'SQcAeWBwy2', '4615.00', 1, '2020-04-25 12:43:18', '2020-04-25 12:43:18'),
(41, 'd47VVs9FJX', '7414.00', 1, '2020-04-25 12:43:18', '2020-04-25 12:43:18'),
(42, '56hiZIna3x', '823.00', 1, '2020-04-25 12:43:18', '2020-04-25 12:43:18'),
(43, 'MQyiTdd3dE', '2740.00', 1, '2020-04-25 12:43:18', '2020-04-25 12:43:18'),
(44, 'emAiaZsTwB', '3296.00', 0, '2020-04-25 12:43:18', '2020-04-25 12:43:18'),
(45, 'pmUVK8EiES', '335.00', 0, '2020-04-25 12:43:18', '2020-04-25 12:43:18'),
(46, 'B5ufgUxTd3', '1371.00', 0, '2020-04-25 12:43:18', '2020-04-25 12:43:18'),
(47, '0O96RzWhEj', '6295.00', 0, '2020-04-25 12:43:18', '2020-04-25 12:43:18'),
(48, '0Ht7v1w0z5', '3483.00', 1, '2020-04-25 12:43:18', '2020-04-25 12:43:18'),
(49, 'f6abutW5YB', '4131.00', 0, '2020-04-25 12:43:18', '2020-04-25 12:43:18'),
(50, 'QBv786gmxZ', '6387.00', 0, '2020-04-25 12:43:18', '2020-04-25 12:43:18'),
(51, 'XUAaKCfGVX', '9574.00', 0, '2020-04-25 12:43:18', '2020-04-25 12:43:18'),
(52, 'BGdibaWahK', '2245.00', 1, '2020-04-25 12:43:18', '2020-04-25 12:43:18'),
(53, 'x5Z5f9Z23H', '1951.00', 1, '2020-04-25 12:43:18', '2020-04-25 12:43:18'),
(54, 'SXKCW4F9D5', '6839.00', 1, '2020-04-25 12:43:18', '2020-04-25 12:43:18'),
(55, '1hTn9Rf0dQ', '1745.00', 1, '2020-04-25 12:43:18', '2020-04-25 12:43:18'),
(56, '3AbnhRt7xt', '890.00', 0, '2020-04-25 12:43:18', '2020-04-25 12:43:18'),
(57, 'eI8hGzriWs', '7168.00', 1, '2020-04-25 12:43:18', '2020-04-25 12:43:18'),
(58, 'mUF4jKxSIL', '4453.00', 0, '2020-04-25 12:43:18', '2020-04-25 12:43:18'),
(59, '6xuZgBkuL7', '2324.00', 0, '2020-04-25 12:43:18', '2020-04-25 12:43:18'),
(60, 'e2dxioYDmQ', '7864.00', 1, '2020-04-25 12:43:18', '2020-04-25 12:43:18'),
(61, 'GOgRaWXfwe', '3032.00', 0, '2020-04-25 12:43:18', '2020-04-25 12:43:18'),
(62, 'zV27HE9D6F', '9918.00', 1, '2020-04-25 12:43:18', '2020-04-25 12:43:18'),
(63, 'm4h1Qleafw', '4896.00', 1, '2020-04-25 12:43:18', '2020-04-25 12:43:18'),
(64, 'N98NxMzchi', '1382.00', 0, '2020-04-25 12:43:18', '2020-04-25 12:43:18'),
(65, 'wPjwTPTsoJ', '5797.00', 1, '2020-04-25 12:43:18', '2020-04-25 12:43:18'),
(66, 'bDMxsLeO1i', '6750.00', 1, '2020-04-25 12:43:18', '2020-04-25 12:43:18'),
(67, 'hiXRXx3Tzm', '4273.00', 1, '2020-04-25 12:43:18', '2020-04-25 12:43:18'),
(68, 'pnWHnmpXKa', '2964.00', 1, '2020-04-25 12:43:18', '2020-04-25 12:43:18'),
(69, '1kWFwgoMNF', '8568.00', 0, '2020-04-25 12:43:18', '2020-04-25 12:43:18'),
(70, 'a483dmnsX4', '5789.00', 0, '2020-04-25 12:43:18', '2020-04-25 12:43:18'),
(71, 'mHG3NMbnrb', '259.00', 1, '2020-04-25 12:43:18', '2020-04-25 12:43:18'),
(72, 'CvAsgQdqWP', '529.00', 0, '2020-04-25 12:43:18', '2020-04-25 12:43:18'),
(73, 'tizKUb2wND', '5109.00', 1, '2020-04-25 12:43:18', '2020-04-25 12:43:18'),
(74, 'uht8vRf8XB', '7457.00', 0, '2020-04-25 12:43:18', '2020-04-25 12:43:18'),
(75, 'jueWL83knw', '9471.00', 0, '2020-04-25 12:43:18', '2020-04-25 12:43:18'),
(76, 'yR7VYacbED', '5411.00', 1, '2020-04-25 12:43:18', '2020-04-25 12:43:18'),
(77, 'GEyjxu5Sbk', '7414.00', 1, '2020-04-25 12:43:18', '2020-04-25 12:43:18'),
(78, 'LCMgBALfvz', '2990.00', 1, '2020-04-25 12:43:18', '2020-04-25 12:43:18'),
(79, 'DabL25PHJq', '2761.00', 1, '2020-04-25 12:43:18', '2020-04-25 12:43:18'),
(80, '47AwkD4xTo', '7924.00', 0, '2020-04-25 12:43:18', '2020-04-25 12:43:18'),
(81, 'NDI4eCIG7Z', '622.00', 0, '2020-04-25 12:43:18', '2020-04-25 12:43:18'),
(82, 'c6xpDpCgBG', '6275.00', 0, '2020-04-25 12:43:18', '2020-04-25 12:43:18'),
(83, 'h9hTKcOVC8', '4977.00', 1, '2020-04-25 12:43:18', '2020-04-25 12:43:18'),
(84, 'VgRK0NxfVN', '5960.00', 1, '2020-04-25 12:43:18', '2020-04-25 12:43:18'),
(85, 'BlB2UvLhu3', '2340.00', 1, '2020-04-25 12:43:18', '2020-04-25 12:43:18'),
(86, 'CPnlWaMmQC', '8329.00', 0, '2020-04-25 12:43:18', '2020-04-25 12:43:18'),
(87, '3Be7wd5Xat', '5304.00', 0, '2020-04-25 12:43:18', '2020-04-25 12:43:18'),
(88, 'LBBXPeiWNA', '4667.00', 0, '2020-04-25 12:43:18', '2020-04-25 12:43:18'),
(89, 'zTZmQEZAKk', '9296.00', 1, '2020-04-25 12:43:18', '2020-04-25 12:43:18'),
(90, '8nCZbUeq3v', '1400.00', 1, '2020-04-25 12:43:18', '2020-04-25 12:43:18'),
(91, 'RsYEmACCfv', '5748.00', 0, '2020-04-25 12:43:18', '2020-04-25 12:43:18'),
(92, 'xHJxrniQu0', '4535.00', 0, '2020-04-25 12:43:18', '2020-04-25 12:43:18'),
(93, 'Wm9glwHGiS', '2132.00', 0, '2020-04-25 12:43:18', '2020-04-25 12:43:18'),
(94, 'UB85S8UYIs', '6634.00', 0, '2020-04-25 12:43:18', '2020-04-25 12:43:18'),
(95, 'Zbj4PiZzys', '3486.00', 0, '2020-04-25 12:43:18', '2020-04-25 12:43:18'),
(96, 'st8gjTHuCr', '4757.00', 0, '2020-04-25 12:43:18', '2020-04-25 12:43:18'),
(97, 'pzeQ6UeA4U', '1056.00', 0, '2020-04-25 12:43:18', '2020-04-25 12:43:18'),
(98, 'l6Aa4A65AX', '6356.00', 1, '2020-04-25 12:43:18', '2020-04-25 12:43:18'),
(99, 'SvIfXpYZj1', '8102.00', 1, '2020-04-25 12:43:18', '2020-04-25 12:43:18'),
(100, 'lVtpng8NH3', '2912.00', 0, '2020-04-25 12:43:18', '2020-04-25 12:43:18');

-- --------------------------------------------------------

--
-- Table structure for table `roles`
--

CREATE TABLE `roles` (
  `id` bigint(20) UNSIGNED NOT NULL,
  `name` varchar(255) COLLATE utf8mb4_unicode_ci NOT NULL,
  `title` varchar(255) COLLATE utf8mb4_unicode_ci DEFAULT NULL,
  `level` int(10) UNSIGNED DEFAULT NULL,
  `scope` int(11) DEFAULT NULL,
  `created_at` timestamp NULL DEFAULT NULL,
  `updated_at` timestamp NULL DEFAULT NULL
) ENGINE=InnoDB DEFAULT CHARSET=utf8mb4 COLLATE=utf8mb4_unicode_ci;

--
-- Dumping data for table `roles`
--

INSERT INTO `roles` (`id`, `name`, `title`, `level`, `scope`, `created_at`, `updated_at`) VALUES
(1, 'admin', 'Admin', NULL, NULL, '2020-04-26 05:09:34', '2020-04-26 05:09:34');

-- --------------------------------------------------------

--
-- Table structure for table `users`
--

CREATE TABLE `users` (
  `id` bigint(20) UNSIGNED NOT NULL,
  `name` varchar(255) COLLATE utf8mb4_unicode_ci NOT NULL,
  `email` varchar(255) COLLATE utf8mb4_unicode_ci NOT NULL,
  `email_verified_at` timestamp NULL DEFAULT NULL,
  `password` varchar(255) COLLATE utf8mb4_unicode_ci NOT NULL,
  `remember_token` varchar(100) COLLATE utf8mb4_unicode_ci DEFAULT NULL,
  `created_at` timestamp NULL DEFAULT NULL,
  `updated_at` timestamp NULL DEFAULT NULL
) ENGINE=InnoDB DEFAULT CHARSET=utf8mb4 COLLATE=utf8mb4_unicode_ci;

--
-- Dumping data for table `users`
--

INSERT INTO `users` (`id`, `name`, `email`, `email_verified_at`, `password`, `remember_token`, `created_at`, `updated_at`) VALUES
(1, 'admin', 'admin@gmail.com', NULL, '$2y$10$T7FyeG5ZqS5iJ0DX/XQcMe17HN3ZGTa7deM9dvSFfA3TFqeG/poeO', NULL, NULL, NULL),
(2, 'user', 'user@gmail.com', NULL, '$2y$10$Gp8PL/bx8qtQc8kI0Yd4jeOPigDxAZKp2aUuC7zHCQ.tusSCZw6DK', NULL, NULL, NULL),
(3, 'shop', 'shop@gmail.com', NULL, '$2y$10$hlmruY0yaynDe5c/he2St.3w7qKWjwVCFlFiwj3GjozWuEUIuZgzi', NULL, NULL, NULL);

--
-- Indexes for dumped tables
--

--
-- Indexes for table `abilities`
--
ALTER TABLE `abilities`
  ADD PRIMARY KEY (`id`),
  ADD KEY `abilities_scope_index` (`scope`);

--
-- Indexes for table `activity_log`
--
ALTER TABLE `activity_log`
  ADD PRIMARY KEY (`id`);

--
-- Indexes for table `customers`
--
ALTER TABLE `customers`
  ADD PRIMARY KEY (`id`);

--
-- Indexes for table `failed_jobs`
--
ALTER TABLE `failed_jobs`
  ADD PRIMARY KEY (`id`);

--
-- Indexes for table `migrations`
--
ALTER TABLE `migrations`
  ADD PRIMARY KEY (`id`);

--
-- Indexes for table `orders`
--
ALTER TABLE `orders`
  ADD PRIMARY KEY (`id`);

--
-- Indexes for table `order_items`
--
ALTER TABLE `order_items`
  ADD PRIMARY KEY (`id`);

--
-- Indexes for table `products`
--
ALTER TABLE `products`
  ADD PRIMARY KEY (`id`);

--
-- Indexes for table `roles`
--
ALTER TABLE `roles`
  ADD PRIMARY KEY (`id`);

--
-- Indexes for table `users`
--
ALTER TABLE `users`
  ADD PRIMARY KEY (`id`);

--
-- AUTO_INCREMENT for dumped tables
--

--
-- AUTO_INCREMENT for table `abilities`
--
ALTER TABLE `abilities`
  MODIFY `id` bigint(20) UNSIGNED NOT NULL AUTO_INCREMENT, AUTO_INCREMENT=2;

--
-- AUTO_INCREMENT for table `activity_log`
--
ALTER TABLE `activity_log`
  MODIFY `id` bigint(20) UNSIGNED NOT NULL AUTO_INCREMENT, AUTO_INCREMENT=6;

--
-- AUTO_INCREMENT for table `customers`
--
ALTER TABLE `customers`
  MODIFY `id` bigint(20) UNSIGNED NOT NULL AUTO_INCREMENT, AUTO_INCREMENT=201;

--
-- AUTO_INCREMENT for table `failed_jobs`
--
ALTER TABLE `failed_jobs`
  MODIFY `id` bigint(20) UNSIGNED NOT NULL AUTO_INCREMENT;

--
-- AUTO_INCREMENT for table `migrations`
--
ALTER TABLE `migrations`
  MODIFY `id` int(10) UNSIGNED NOT NULL AUTO_INCREMENT, AUTO_INCREMENT=7;

--
-- AUTO_INCREMENT for table `orders`
--
ALTER TABLE `orders`
  MODIFY `id` bigint(20) UNSIGNED NOT NULL AUTO_INCREMENT, AUTO_INCREMENT=51;

--
-- AUTO_INCREMENT for table `order_items`
--
ALTER TABLE `order_items`
  MODIFY `id` bigint(20) UNSIGNED NOT NULL AUTO_INCREMENT, AUTO_INCREMENT=151;

--
-- AUTO_INCREMENT for table `products`
--
ALTER TABLE `products`
  MODIFY `id` bigint(20) UNSIGNED NOT NULL AUTO_INCREMENT, AUTO_INCREMENT=101;

--
-- AUTO_INCREMENT for table `roles`
--
ALTER TABLE `roles`
  MODIFY `id` bigint(20) UNSIGNED NOT NULL AUTO_INCREMENT, AUTO_INCREMENT=2;

--
-- AUTO_INCREMENT for table `users`
--
ALTER TABLE `users`
  MODIFY `id` bigint(20) UNSIGNED NOT NULL AUTO_INCREMENT, AUTO_INCREMENT=4;
COMMIT;

/*!40101 SET CHARACTER_SET_CLIENT=@OLD_CHARACTER_SET_CLIENT */;
/*!40101 SET CHARACTER_SET_RESULTS=@OLD_CHARACTER_SET_RESULTS */;
/*!40101 SET COLLATION_CONNECTION=@OLD_COLLATION_CONNECTION */;
